Category,Feature,Description,Status
Authentication,Admin Signup,One-time admin account creation with name/email/password,Completed
Authentication,Admin Login,Secure login with email and password validation,Completed
Authentication,Session Persistence,User session stored in localStorage,Completed
Authentication,Logout,Secure logout with session clearing,Completed
Authentication,Protected Routes,Redirect to login for unauthenticated users,Completed

Dashboard,Overview Stats,Display count of Properties/Construction/Houses,Completed
Dashboard,Section Cards,Three main sections displayed in a row,Completed
Dashboard,Action Cards,Create/Update/Delete cards for each section,Completed
Dashboard,Navigation,Click cards to navigate to respective pages,Completed

Properties Management,Create Property,Add new property with all fields,Completed
Properties Management,Property Name Field,Text input for property name,Completed
Properties Management,Description Field,Textarea for property description,Completed
Properties Management,Photo Upload,Multiple photo upload with preview,Completed
Properties Management,Video Upload,Optional video upload support,Completed
Properties Management,Rate/Price Field,Text input for property price,Completed
Properties Management,Sold Checkbox,Toggle to mark property as sold,Completed
Properties Management,Hot Property Checkbox,Toggle to mark as hot property,Completed
Properties Management,Update Property,Edit existing property details,Completed
Properties Management,Delete Property,Remove property with confirmation,Completed
Properties Management,Property List View,View all properties in list format,Completed

Construction Management,Create Construction,Add new construction project,Completed
Construction Management,Project Name Field,Text input for project name,Completed
Construction Management,Description Field,Textarea for project description,Completed
Construction Management,Photo Upload,Multiple photo upload with preview,Completed
Construction Management,Video Upload,Optional video upload support,Completed
Construction Management,Rate/Cost Field,Text input for project cost,Completed
Construction Management,Sold Checkbox,Toggle to mark project as sold,Completed
Construction Management,Hot Project Checkbox,Toggle to mark as hot project,Completed
Construction Management,Update Construction,Edit existing project details,Completed
Construction Management,Delete Construction,Remove project with confirmation,Completed
Construction Management,Project List View,View all projects in list format,Completed

Houses for Sale Management,Create House,Add new house listing,Completed
Houses for Sale Management,House Name Field,Text input for house name/title,Completed
Houses for Sale Management,Description Field,Textarea for house description,Completed
Houses for Sale Management,Photo Upload,Multiple photo upload with preview,Completed
Houses for Sale Management,Video Upload,Optional video upload support,Completed
Houses for Sale Management,Rate/Price Field,Text input for house price,Completed
Houses for Sale Management,Sold Checkbox,Toggle to mark house as sold,Completed
Houses for Sale Management,Hot House Checkbox,Toggle to mark as hot house,Completed
Houses for Sale Management,Update House,Edit existing house details,Completed
Houses for Sale Management,Delete House,Remove house with confirmation,Completed
Houses for Sale Management,House List View,View all houses in list format,Completed

UI/UX Features,Responsive Design,Works on desktop and mobile devices,Completed
UI/UX Features,Custom Color Scheme,Forest Green (#244B35) and Peach (#E09B6B),Completed
UI/UX Features,Elegant Animations,Smooth hover and transition effects,Completed
UI/UX Features,Loading States,Spinner shown during async operations,Completed
UI/UX Features,Error Messages,User-friendly error notifications,Completed
UI/UX Features,Delete Confirmation,Modal confirmation before deletion,Completed
UI/UX Features,Form Validation,Required field validation on forms,Completed
UI/UX Features,Image Preview,Preview uploaded images before saving,Completed
UI/UX Features,Remove Media,Ability to remove uploaded photos/videos,Completed
UI/UX Features,Back Navigation,Back button on all sub-pages,Completed
UI/UX Features,Empty States,Friendly messages when no data exists,Completed
UI/UX Features,Status Badges,Visual badges for Sold/Hot items,Completed

Technical Features,React Router,Client-side routing for SPA,Completed
Technical Features,Context API,Global state management for auth and data,Completed
Technical Features,LocalStorage,Data persistence across sessions,Completed
Technical Features,Tailwind CSS,Utility-first CSS framework,Completed
Technical Features,Vite,Fast development build tool,Completed
Technical Features,Component Reusability,Shared components (ItemForm/ActionCard/etc),Completed
